{
  "project_info": {
    "project_number": "679336422187",
    "project_id": "airbus-d8a53",
    "storage_bucket": "airbus-d8a53.appspot.com"
  },
  "client": [
    {
      "client_info": {
        "mobilesdk_app_id": "1:679336422187:android:58c4c24977fca6881df36e",
        "android_client_info": {
          "package_name": "com.example.airbus"
        }
      },
      "oauth_client": [],
      "api_key": [
        {
          "current_key": "AIzaSyB4sAi2A2N2I_MSiXzpFIIg2Nyy98PTQKo"
        }
      ],
      "services": {
        "appinvite_service": {
          "other_platform_oauth_client": []
        }
      }
    }
  ],
  "configuration_version": "1"
}